is_host,goals_scored_last_4y,goals_received_last_4y,wins_last_4y,losses_last_4y,draws_last_4y,world_cup_titles_before,squad_total_market_value_eur,fifa_rank_pre_tournament,fifa_points_pre_tournament,squad_avg_age,world_cup_participations_before,groups_passed_before,round16_before,quarterfinals_before,semifinals_before,finals_before,quarter_finalist,continent_Africa,continent_Asia,continent_Europe,continent_North America,continent_Oceania,continent_South America
0,-0.9963429995816646,0.3261797899765837,-1.0220995435839706,0.41154002150482544,0.6303283423000178,-0.39454095015381224,-0.8404158767740908,1.841709210488927,-1.0179473644293666,1.790142913840581,-1.0163599692751792,-0.7813252386987708,-0.8332474262799016,-0.6325495563913094,-0.5165073843283902,-0.40417955430969543,0,1,0,0,0,0,0
0,0.5245763496030675,0.7682493406272004,0.7184158654459394,-0.22227562658816793,-0.5168094939237116,1.4530654505664793,1.4171156702493761,-0.8004439781577032,-0.5678486034334229,0.5051523532072915,1.3325608486052352,1.4054742631986636,1.022709718102246,1.0740010032405134,1.0150666356106204,1.91231221964438,1,0,0,0,0,0,1
0,0.6935673884013711,-0.7789940866499581,-0.4419277405740005,-0.6448193919834968,-1.9507317892033733,-0.39454095015381224,-0.8549675293960365,1.0160363390368552,-0.9333833547877044,-0.13734292710935334,-0.8356737525151474,-0.7813252386987708,-0.8332474262799016,-0.6325495563913094,-0.5165073843283902,-0.40417955430969543,0,0,0,0,0,1,0
0,1.3695315435945854,0.17882327309304477,0.5733729146934469,-0.43354750928583236,1.4906817194678148,4.224475051646917,1.67044529726526,-1.2408028429321416,-0.3468910298535961,-0.13734292710935334,2.0553057156453627,2.498874014147381,1.765092575855105,2.4961264696003655,2.9295341605343834,3.0705581066214176,1,0,0,0,0,0,1
0,0.1865942720064604,2.9049188354385147,-0.006798888316523085,2.9468026138767986,-0.23002503486777923,-0.39454095015381224,-0.9472941818988734,0.13531860948797841,-0.7397044939955105,-2.340183888194997,-0.6549875357551156,-0.5626452885090273,-0.4620559974034721,-0.6325495563913094,-0.5165073843283902,-0.40417955430969543,0,0,0,0,1,0,0
0,-0.5316176428863298,0.031466756209505876,-0.586970691326493,-0.22227562658816793,0.6303283423000178,-0.39454095015381224,-0.12498558940819988,-0.029815964802436,-0.7315208801592207,0.8722925133882304,-0.6549875357551156,-0.5626452885090273,-0.4620559974034721,-0.34812446311933887,-0.1336138793436376,-0.40417955430969543,0,0,0,1,0,0,0
0,1.2005405047962818,-0.5579593113246497,1.0085017669509244,-0.8560912746811613,-1.9507317892033733,-0.39454095015381224,-0.46618600955874456,-1.1857579848353368,-0.49692395018557733,0.688722433297761,-1.0163599692751792,-0.7813252386987708,-0.8332474262799016,-0.6325495563913094,-0.5165073843283902,-0.40417955430969543,0,0,0,1,0,0,0
0,-1.0808385189808165,2.0944579925790507,-1.3121854450889554,2.3129869657838054,0.05675942418815311,-0.39454095015381224,0.20384436802090497,0.8509017647464409,-0.8815538004912018,-1.4223334877426463,-0.8356737525151474,-0.7813252386987708,-0.8332474262799016,-0.6325495563913094,-0.5165073843283902,-0.40417955430969543,0,0,0,0,0,0,1
0,-0.06689228619099497,-0.18956801911580248,0.1382440624359694,-0.8560912746811613,-1.0903784120355762,0.5292622502063336,4.043268310458317,-0.7453991200608984,-0.5814879598272394,-0.045557887064120235,0.9711884150851713,1.1867943130089202,0.6515182892258164,1.3584260965124837,0.249279625641115,0.17494338917882343,1,0,0,1,0,0,0
0,0.6513196287017953,-1.589454929509422,1.0085017669509244,-1.701178805471819,0.34354388324408547,0.5292622502063336,3.201952205977522,-0.855488836254508,-0.5596649895971331,-0.4126980472450592,0.9711884150851713,0.5307544624396898,0.6515182892258164,0.789575909968543,1.0150666356106204,0.17494338917882343,1,0,0,1,0,0,0
1,0.9470539465988265,1.5787101834866644,-0.006798888316523085,0.20026813880716096,0.6303283423000178,2.376868650926625,1.4149344803488704,-0.2499953971896552,-0.7042421673715877,0.4133673131620551,1.6939332821252988,2.498874014147381,1.765092575855105,3.0649766561443066,3.312427665519136,3.6496810501099364,1,0,0,1,0,0,0
0,-1.1230862786803923,-0.4106027944411108,-1.6022713465939404,0.41154002150482544,0.05675942418815311,-0.39454095015381224,-0.40860259618539235,1.346305487617684,-0.9661178101328639,-0.5962681273355287,-1.0163599692751792,-0.7813252386987708,-0.8332474262799016,-0.6325495563913094,-0.5165073843283902,-0.40417955430969543,0,1,0,0,0,0,0
0,1.2005405047962818,-0.042211502232263574,0.8634588161984318,-0.6448193919834968,-0.5168094939237116,-0.39454095015381224,-0.8834787973812189,-0.029815964802436,-0.7315208801592207,1.790142913840581,-0.6549875357551156,-0.7813252386987708,-0.8332474262799016,-0.6325495563913094,-0.5165073843283902,-0.40417955430969543,0,0,1,0,0,0,0
0,-0.5738654025859057,-0.8526723450917275,-0.15184183906901558,-1.27863504007649,0.9171128013559501,2.376868650926625,1.608125585822238,-0.580264545770484,-0.6169502864511622,-0.688053167380765,1.6939332821252988,1.4054742631986636,1.765092575855105,1.6428511897844542,2.163747150564878,2.491435163132899,1,0,0,1,0,0,0
0,-0.7428564413842093,-0.7789940866499581,-0.7320136420789856,-0.6448193919834968,-1.0903784120355762,-0.39454095015381224,0.2757301551704307,0.4655877580688072,-0.7778946918981966,-1.3305484476974099,-1.0163599692751792,-0.7813252386987708,-0.8332474262799016,-0.6325495563913094,-0.5165073843283902,-0.40417955430969543,0,1,0,0,0,0,0
0,1.1160449853971302,1.357675408161356,1.4436306192084019,1.2566275522954833,0.9171128013559501,-0.39454095015381224,-0.18761689940843684,-0.30504025528646,-0.6796913258627181,-0.8716232474712345,-0.6549875357551156,-0.5626452885090273,-0.4620559974034721,-0.6325495563913094,-0.5165073843283902,-0.40417955430969543,0,0,1,0,0,0,0
0,1.7497613808907686,0.694571082185431,1.5886735699608943,0.8340837869001543,0.9171128013559501,-0.39454095015381224,-0.4879979085638022,-1.0756682686417272,-0.5351141480882634,0.5051523532072915,1.1518746318452031,0.31207451224994637,0.6515182892258164,-0.06369936984736843,-0.5165073843283902,-0.40417955430969543,0,0,0,0,1,0,0
0,0.1443465123068845,-1.0737071204170359,0.2832870131884619,-0.8560912746811613,0.05675942418815311,-0.39454095015381224,1.3822166318412838,-1.130713126738532,-0.5078354353006305,-0.22912796715458972,0.24844354804504384,0.7494344126294332,1.022709718102246,0.5051508166965725,0.6321731306258677,0.7540663326673424,0,0,0,1,0,0,0
0,-1.3343250771782718,0.3261797899765837,-1.167142494336463,0.20026813880716096,1.4906817194678148,-0.39454095015381224,-0.5626257630168209,0.520632616165612,-0.8215406323584094,1.698357873795348,0.06775733128501195,-0.1252853881295405,0.2803268603493869,-0.6325495563913094,-0.5165073843283902,-0.40417955430969543,0,0,0,0,0,0,1
0,0.7358151481009471,0.694571082185431,0.8634588161984318,0.6228119042024899,-1.3771628710915087,-0.39454095015381224,-0.336249411200044,0.3004531837783928,-0.7560717216680903,0.32158227311682197,0.06775733128501195,0.31207451224994637,-0.09086456852704258,-0.06369936984736843,0.249279625641115,-0.40417955430969543,0,0,0,1,0,0,0
0,0.8203106675000988,-0.7053158282081886,0.42832996394095435,-1.0673631573788258,0.05675942418815311,-0.39454095015381224,1.6891412106981665,-0.9105336943513128,-0.5569371183183698,-0.22912796715458972,-0.47430131899508365,-0.5626452885090273,-0.8332474262799016,-0.34812446311933887,-0.1336138793436376,-0.40417955430969543,1,0,0,1,0,0,0
0,1.0315494659979783,1.0629623743942782,0.7184158654459394,1.0453556695978188,1.777466178523747,-0.39454095015381224,-0.9100581543116678,0.5756774742624168,-0.8269963749159359,-0.045557887064120235,-0.47430131899508365,-0.5626452885090273,-0.4620559974034721,-0.6325495563913094,-0.5165073843283902,-0.40417955430969543,0,0,1,0,0,0,0
0,-1.630059395075303,-0.18956801911580248,-1.8923572480989255,0.41154002150482544,0.05675942418815311,-0.39454095015381224,-0.08697056542795654,1.1261260552304648,-0.938839097345231,-0.3209130071998261,0.6098159815651076,0.7494344126294332,-0.09086456852704258,0.789575909968543,0.249279625641115,-0.40417955430969543,0,0,0,1,0,0,0
0,0.7780629078005229,0.031466756209505876,0.5733729146934469,1.2566275522954833,1.4906817194678148,-0.39454095015381224,-0.5691693327183383,0.3004531837783928,-0.7560717216680903,0.5969373932525246,0.06775733128501195,-0.5626452885090273,-0.4620559974034721,-0.34812446311933887,-0.1336138793436376,-0.40417955430969543,0,0,1,0,0,0,0
0,0.1443465123068845,-1.589454929509422,0.42832996394095435,-1.9124506881694836,0.6303283423000178,-0.39454095015381224,3.0773127830914784,-1.0206234105449223,-0.54056989064579,-0.5962681273355287,0.9711884150851713,0.7494344126294332,1.022709718102246,0.5051508166965725,-0.5165073843283902,-0.40417955430969543,0,0,0,1,0,0,0
0,0.7780629078005229,0.547214565301892,-0.586970691326493,0.20026813880716096,1.777466178523747,-0.39454095015381224,0.12890491501067117,-0.4151299714800696,-0.6687798407476648,-0.8716232474712345,0.7905021983251395,0.7494344126294332,0.2803268603493869,0.5051508166965725,0.6321731306258677,0.17494338917882343,0,0,0,1,0,0,0
0,-0.869599720482937,0.10514501465127533,-1.3121854450889554,-0.43354750928583236,0.34354388324408547,-0.39454095015381224,-0.0009693636365863791,0.6307223323592216,-0.8351799887522259,0.5969373932525246,0.24844354804504384,0.09339456206020295,0.2803268603493869,0.22072572342460203,-0.5165073843283902,-0.40417955430969543,0,0,0,1,0,0,0
0,-1.714554914474455,-0.5579593113246497,-1.3121854450889554,0.20026813880716096,-1.9507317892033733,-0.39454095015381224,-0.9119277456549584,2.0618886428761463,-1.050681819774526,-1.6976886078783522,-1.0163599692751792,-0.7813252386987708,-0.8332474262799016,-0.6325495563913094,-0.5165073843283902,-0.40417955430969543,0,1,0,0,0,0,0
0,0.6090718690022193,3.7153796782979787,0.8634588161984318,4.0031620273651205,-0.23002503486777923,-0.39454095015381224,-0.9731568621477275,1.2912606295208793,-0.9552063250178108,-2.43196892824023,-1.0163599692751792,-0.7813252386987708,-0.8332474262799016,-0.6325495563913094,-0.5165073843283902,-0.40417955430969543,0,0,0,0,1,0,0
0,-0.3626266040880262,-0.042211502232263574,-0.006798888316523085,-0.43354750928583236,0.6303283423000178,-0.39454095015381224,-0.8469594464756082,-0.1399056809960456,-0.7124257812078776,-1.5141185277878793,-0.47430131899508365,-0.7813252386987708,-0.8332474262799016,-0.6325495563913094,-0.5165073843283902,-0.40417955430969543,0,1,0,0,0,0,0
0,-1.630059395075303,-1.0737071204170359,-1.6022713465939404,-0.43354750928583236,1.2038972604118825,-0.39454095015381224,-0.17359496433375693,1.1811709133272696,-0.9415669686239944,-0.5962681273355287,-1.0163599692751792,-0.7813252386987708,-0.8332474262799016,-0.6325495563913094,-0.5165073843283902,-0.40417955430969543,1,0,0,1,0,0,0
0,0.9893017062984024,-0.48428105288288026,1.7337165207133867,-0.22227562658816793,0.34354388324408547,-0.39454095015381224,0.08814782372693489,-1.0206234105449223,-0.54056989064579,-0.8716232474712345,0.24844354804504384,0.09339456206020295,0.2803268603493869,-0.06369936984736843,-0.1336138793436376,-0.40417955430969543,0,0,0,0,1,0,0
0,0.44008083020391575,-0.33692453599934136,0.1382440624359694,-0.6448193919834968,0.05675942418815311,1.4530654505664793,1.109007016875076,-1.0206234105449223,0.7824476795544077,2.0838550419853337,1.8746194988853306,2.061514113767894,2.1362840047315346,1.9272762830564247,1.397960140595373,2.491435163132899,0,0,0,0,0,0,1
0,0.017603233208156824,0.25250153153481425,-0.4419277405740005,-0.011003743890503482,0.05675942418815311,-0.39454095015381224,-0.848174680848747,0.6857671904560264,-0.6442289992387952,0.8080429853565656,-0.2936151022350518,-0.5626452885090273,-0.4620559974034721,-0.6325495563913094,-0.5165073843283902,-0.40417955430969543,0,0,0,0,0,1,0
0,1.3272837838950096,-0.48428105288288026,0.5733729146934469,-1.27863504007649,-1.0903784120355762,-0.39454095015381224,1.3424878157963573,-1.130713126738532,0.9379363424439155,0.31240376911229706,1.1518746318452031,0.9681143628191767,1.765092575855105,-0.06369936984736843,-0.1336138793436376,-0.40417955430969543,1,0,0,1,0,0,0
0,0.44008083020391575,-1.6631331879511915,1.0085017669509244,-1.4899069227741546,-1.0903784120355762,4.224475051646917,2.0490998639930607,-1.1857579848353368,1.2980153512406705,1.2394326735691727,2.597364365925458,3.1549138647166113,2.8786668624843936,3.349401749416277,3.312427665519136,3.0705581066214176,1,0,0,0,0,0,1
0,-1.1653340383799682,-0.5579593113246497,-1.0220995435839706,-0.011003743890503482,0.34354388324408547,-0.39454095015381224,-0.22298333565235176,-0.4151299714800696,0.08411263219100441,1.0466840894741782,-0.11292888547501992,-0.3439653383192839,-0.09086456852704258,-0.34812446311933887,-0.5165073843283902,-0.40417955430969543,0,0,0,0,0,0,1
0,-0.6161131622854816,1.0629623743942782,-0.7320136420789856,0.8340837869001543,0.34354388324408547,-0.39454095015381224,-0.8801135329632958,-0.029815964802436,-0.19140236696408833,2.3224961461029463,-0.2936151022350518,-0.3439653383192839,-0.09086456852704258,-0.34812446311933887,-0.5165073843283902,-0.40417955430969543,0,0,0,0,1,0,0
0,-0.27813108468887443,-1.1473853788588053,-0.15184183906901558,-0.6448193919834968,-0.5168094939237116,-0.39454095015381224,0.12846867703057002,-0.1949505390928504,-0.025002218959527367,0.5969373932525246,-0.2936151022350518,-0.5626452885090273,-0.4620559974034721,-0.34812446311933887,-0.1336138793436376,-0.40417955430969543,1,0,0,1,0,0,0
0,-0.9963429995816646,-0.6316375697664192,-1.3121854450889554,-0.011003743890503482,0.05675942418815311,-0.39454095015381224,-0.1974634138164343,-0.6353094038672888,0.26415213658938186,-0.1006289110912601,-0.2936151022350518,-0.1252853881295405,0.2803268603493869,-0.34812446311933887,-0.5165073843283902,-0.40417955430969543,0,0,0,1,0,0,0
0,-1.4610683562769995,-1.2947418957423442,-0.4419277405740005,0.41154002150482544,-1.3771628710915087,-0.39454095015381224,-0.3906856791455236,1.1811709133272696,-0.8324521174734625,1.588215825741065,-0.6549875357551156,-0.5626452885090273,-0.4620559974034721,-0.6325495563913094,-0.5165073843283902,-0.40417955430969543,0,1,0,0,0,0,0
0,-0.23588332498929854,-1.2210636373005748,0.42832996394095435,-1.27863504007649,-0.5168094939237116,0.5292622502063336,1.7160321661858304,-0.6353094038672888,0.2614242653106186,-1.1010858475843222,1.513247065365267,1.624154213388407,1.3939011469786755,1.6428511897844542,0.249279625641115,0.17494338917882343,1,0,0,1,0,0,0
0,0.48232858990349164,0.031466756209505876,1.0085017669509244,-0.6448193919834968,-1.0903784120355762,0.5292622502063336,2.2031853505359322,-0.9105336943513128,0.6651492145675861,-1.1194428555933689,1.513247065365267,0.9681143628191767,1.3939011469786755,1.3584260965124837,1.397960140595373,0.7540663326673424,1,0,0,1,0,0,0
0,1.1160449853971302,0.10514501465127533,0.5733729146934469,-0.22227562658816793,-0.5168094939237116,3.3006718512867708,1.7440448764794687,-1.2408028429321416,1.6471828749223723,-0.1006289110912601,2.2359919324053945,3.1549138647166113,2.8786668624843936,3.918251935960218,4.461108180473394,4.228803993598455,0,0,0,1,0,0,0
0,0.017603233208156824,1.4313536666031255,-0.29688478982150807,1.4678994349931476,-0.8035939529796439,-0.39454095015381224,-0.769745323997704,-0.0848608228992408,-0.12593345627376926,1.2210756655601227,-1.0163599692751792,-0.7813252386987708,-0.8332474262799016,-0.6325495563913094,-0.5165073843283902,-0.40417955430969543,0,0,0,1,0,0,0
0,-0.024644526491419072,-1.6631331879511915,0.5733729146934469,-1.4899069227741546,-0.8035939529796439,-0.39454095015381224,-0.8589559909283898,0.7408120485528312,-0.6715077120264281,-0.018022375050548673,-0.2936151022350518,-0.7813252386987708,-0.8332474262799016,-0.6325495563913094,-0.5165073843283902,-0.40417955430969543,0,0,1,0,0,0,0
0,0.9470539465988265,0.39985804841835315,0.2832870131884619,0.20026813880716096,-0.23002503486777923,-0.39454095015381224,-0.769309086017603,2.0618886428761463,-1.1843475124339276,1.2210756655601227,-0.11292888547501992,-0.3439653383192839,-0.09086456852704258,-0.6325495563913094,-0.5165073843283902,-0.40417955430969543,0,0,1,0,0,0,0
0,0.9470539465988265,1.6523884419284338,1.5886735699608943,0.20026813880716096,1.777466178523747,-0.39454095015381224,-0.5305311116236646,-0.4701748295768744,0.09502411730605759,1.8268569298586743,1.6939332821252988,0.9681143628191767,1.765092575855105,-0.06369936984736843,-0.5165073843283902,-0.40417955430969543,0,0,0,0,1,0,0
0,-0.6161131622854816,-1.8841679632764998,-0.006798888316523085,-0.6448193919834968,-1.0903784120355762,-0.39454095015381224,-0.6016379023801526,0.9609914809400504,-0.734248751437984,-0.018022375050548673,-0.2936151022350518,-0.5626452885090273,-0.4620559974034721,-0.6325495563913094,-0.5165073843283902,-0.40417955430969543,0,1,0,0,0,0,0
0,-1.5455638756761512,-0.8526723450917275,-1.457228395841448,-0.011003743890503482,-0.5168094939237116,-0.39454095015381224,-0.5848427401462581,1.346305487617684,-0.919743998393888,-1.1836923836250337,-0.11292888547501992,-0.1252853881295405,0.2803268603493869,-0.6325495563913094,-0.5165073843283902,-0.40417955430969543,0,1,0,0,0,0,0
0,-1.1230862786803923,1.2839971497195866,-1.3121854450889554,1.4678994349931476,1.4906817194678148,-0.39454095015381224,-0.9850910868890661,1.7316194942953176,-1.0452260772169994,1.487252281691307,-1.0163599692751792,-0.7813252386987708,-0.8332474262799016,-0.6325495563913094,-0.5165073843283902,-0.40417955430969543,0,0,0,0,1,0,0
0,-0.3626266040880262,0.17882327309304477,-0.006798888316523085,0.20026813880716096,0.05675942418815311,-0.39454095015381224,-0.8847251916100793,-0.6903542619640936,0.46601461121786564,0.17472620904444575,-0.2936151022350518,-0.3439653383192839,-0.8332474262799016,-0.34812446311933887,-0.5165073843283902,-0.40417955430969543,0,0,0,0,0,0,1
0,0.2710897914056122,-0.33692453599934136,-0.586970691326493,-1.27863504007649,0.34354388324408547,-0.39454095015381224,-0.14997579369685166,-0.855488836254508,0.6215032741073734,0.9732560574379885,0.24844354804504384,0.31207451224994637,-0.09086456852704258,-0.06369936984736843,0.249279625641115,-0.40417955430969543,0,0,0,1,0,0,0
0,0.6513196287017953,-0.6316375697664192,1.0085017669509244,-0.22227562658816793,-0.8035939529796439,-0.39454095015381224,0.534699716071908,-1.0756682686417272,0.8697395604748333,1.0283270814651315,0.06775733128501195,-0.1252853881295405,-0.09086456852704258,-0.06369936984736843,0.249279625641115,-0.40417955430969543,0,0,0,1,0,0,0
1,-0.827351960783361,0.694571082185431,-1.6022713465939404,1.0453556695978188,-0.23002503486777923,-0.39454095015381224,-0.5009604085439507,2.5572923657473896,-1.3589312742747783,1.4597167696777353,-0.47430131899508365,-0.7813252386987708,-0.8332474262799016,-0.6325495563913094,-0.5165073843283902,-0.40417955430969543,1,0,0,1,0,0,0
0,0.5245763496030675,1.5787101834866644,-0.15184183906901558,1.4678994349931476,-1.0903784120355762,-0.39454095015381224,-0.9460477876700129,2.392157791456975,-1.3343804327659088,1.3587532256279773,-0.2936151022350518,-0.5626452885090273,-0.4620559974034721,-0.6325495563913094,-0.5165073843283902,-0.40417955430969543,0,0,1,0,0,0,0
0,-0.6161131622854816,-1.4420984126258831,0.1382440624359694,-1.27863504007649,0.34354388324408547,-0.39454095015381224,-0.07232543323884641,0.1903634675847832,-0.31961231706596316,-0.23830647115911466,-0.8356737525151474,-0.5626452885090273,-0.4620559974034721,-0.34812446311933887,-0.5165073843283902,-0.40417955430969543,0,1,0,0,0,0,0
0,-1.24982955777912,0.031466756209505876,-1.457228395841448,0.41154002150482544,-1.0903784120355762,-0.39454095015381224,-0.12056088989574533,0.5756774742624168,-0.5569371183183698,-0.4494120632631524,0.9711884150851713,0.7494344126294332,-0.09086456852704258,0.789575909968543,0.249279625641115,-0.40417955430969543,0,0,0,1,0,0,0
0,0.3133375511051881,0.4735363068601226,1.0085017669509244,0.6228119042024899,-0.23002503486777923,-0.39454095015381224,-0.7321976978532834,1.841709210488927,-1.1216064730223718,0.49597384920276655,0.6098159815651076,-0.3439653383192839,-0.09086456852704258,-0.34812446311933887,-0.1336138793436376,-0.40417955430969543,0,0,1,0,0,0,0
0,0.7780629078005229,-1.1473853788588053,0.42832996394095435,-0.8560912746811613,-1.0903784120355762,0.5292622502063336,2.0273191248437246,-0.7453991200608984,0.46601461121786564,1.1384691295194114,1.513247065365267,1.1867943130089202,1.765092575855105,0.789575909968543,-0.1336138793436376,0.17494338917882343,0,0,0,1,0,0,0
0,-0.5738654025859057,-0.33692453599934136,-0.877056592831478,0.41154002150482544,0.9171128013559501,-0.39454095015381224,-0.6318318025742967,0.025228893294368802,-0.2050417233579048,0.9090065294063236,0.9711884150851713,0.9681143628191767,0.6515182892258164,0.5051508166965725,0.6321731306258677,0.17494338917882343,1,0,0,1,0,0,0
0,-0.4048743637876021,-1.0000288619752664,-0.15184183906901558,-0.6448193919834968,-1.3771628710915087,-0.39454095015381224,-0.3257173799661733,-0.9655785524481176,0.6651492145675861,-0.06391489507316686,0.7905021983251395,0.5307544624396898,1.022709718102246,0.22072572342460203,-0.5165073843283902,-0.40417955430969543,0,0,0,1,0,0,0
0,-0.7851042010837852,-0.042211502232263574,-0.7320136420789856,-0.22227562658816793,0.6303283423000178,-0.39454095015381224,-0.8213460450725262,-0.1399056809960456,-0.12320558499500596,-0.6605176553671935,-0.2936151022350518,-0.7813252386987708,-0.8332474262799016,-0.6325495563913094,-0.5165073843283902,-0.40417955430969543,0,1,0,0,0,0,0
0,-0.7428564413842093,-0.18956801911580248,-0.7320136420789856,0.20026813880716096,-1.0903784120355762,1.4530654505664793,0.15648138732420835,-0.5252196876736792,0.17413238439019313,0.8080429853565656,1.1518746318452031,1.1867943130089202,0.6515182892258164,0.789575909968543,1.0150666356106204,0.17494338917882343,1,0,0,0,0,0,1
0,0.5668241093026435,-1.2947418957423442,1.0085017669509244,-1.4899069227741546,0.34354388324408547,1.4530654505664793,1.0058055747254318,-1.130713126738532,2.2360757265817925,0.5051523532072915,2.0553057156453627,2.2801940639576372,2.507475433607964,1.9272762830564247,1.397960140595373,2.491435163132899,1,0,0,0,0,0,1
0,-0.6583609219850575,-1.8841679632764998,-0.7320136420789856,-1.0673631573788258,-1.663947330147441,-0.39454095015381224,-0.8849744704558514,0.795856906649636,1.458195952729651,0.22979723307158562,-0.11292888547501992,-0.5626452885090273,-0.4620559974034721,-0.6325495563913094,-0.5165073843283902,-0.40417955430969543,0,0,0,0,0,1,0
0,1.8765046599894961,0.031466756209505876,1.2985876684559092,-0.6448193919834968,-1.3771628710915087,-0.39454095015381224,0.7502947578090422,-1.1857579848353368,2.352910453451224,0.5051523532072915,1.3325608486052352,1.1867943130089202,2.1362840047315346,0.22072572342460203,0.249279625641115,-0.40417955430969543,0,0,0,1,0,0,0
0,1.1160449853971302,-1.8841679632764998,1.5886735699608943,-1.701178805471819,-0.5168094939237116,4.224475051646917,2.5475952358257925,-1.2408028429321416,2.4199888081960133,0.5969373932525246,2.77805058268549,3.3735938149063545,3.249858291360823,3.6338268426882476,3.312427665519136,3.0705581066214176,1,0,0,0,0,0,1
0,-1.3765728368778476,-1.0737071204170359,-1.0220995435839706,-0.6448193919834968,1.2038972604118825,-0.39454095015381224,-0.5216505527430341,1.07108119713366,1.4110583370326215,-0.8716232474712345,0.24844354804504384,-0.5626452885090273,-0.4620559974034721,-0.34812446311933887,-0.5165073843283902,-0.40417955430969543,0,1,0,0,0,0,0
0,1.7497613808907686,-0.7789940866499581,0.7184158654459394,-0.22227562658816793,-1.9507317892033733,-0.39454095015381224,-0.42100421876255373,0.9609914809400504,1.4207695587850186,-0.3209130071998261,-0.8356737525151474,-0.7813252386987708,-0.8332474262799016,-0.6325495563913094,-0.5165073843283902,-0.40417955430969543,0,0,0,0,1,0,0
0,-1.24982955777912,0.9892841159525088,-0.877056592831478,1.8904432003884766,0.6303283423000178,-0.39454095015381224,-0.9462035869486205,0.4105428999720024,1.498759398644861,-0.045557887064120235,-0.11292888547501992,-0.3439653383192839,-0.09086456852704258,-0.34812446311933887,-0.5165073843283902,-0.40417955430969543,0,0,0,0,1,0,0
0,-0.10914004589057086,1.4313536666031255,-0.29688478982150807,0.6228119042024899,-0.23002503486777923,-0.39454095015381224,0.17009824427450862,-0.6353094038672888,1.8862535137931875,0.13801219302634923,-0.11292888547501992,-0.3439653383192839,-0.09086456852704258,-0.06369936984736843,0.249279625641115,0.17494338917882343,1,0,0,1,0,0,0
0,0.9893017062984024,-0.4106027944411108,0.7184158654459394,-0.22227562658816793,-0.8035939529796439,-0.39454095015381224,0.0953145905428824,-0.7453991200608984,1.943347859657703,-0.045557887064120235,-0.11292888547501992,0.09339456206020295,0.6515182892258164,-0.34812446311933887,-0.5165073843283902,-0.40417955430969543,0,0,0,1,0,0,0
0,-0.869599720482937,0.8419275990689699,-1.167142494336463,0.8340837869001543,1.4906817194678148,-0.39454095015381224,-0.5481364301063183,1.1261260552304648,1.3918268445173405,-1.5141185277878793,-0.47430131899508365,-0.5626452885090273,-0.4620559974034721,-0.6325495563913094,-0.5165073843283902,-0.40417955430969543,0,0,0,0,0,0,1
0,1.5807703420924648,-0.7789940866499581,1.0085017669509244,-0.6448193919834968,-0.5168094939237116,0.5292622502063336,2.921513504483924,-1.0206234105449223,2.112203091813151,-0.7798382074260014,1.6939332821252988,1.8428341635781504,1.765092575855105,1.9272762830564247,0.6321731306258677,0.17494338917882343,1,0,0,1,0,0,0
0,0.6935673884013711,-0.33692453599934136,0.7184158654459394,-1.0673631573788258,0.05675942418815311,1.4530654505664793,2.2048368228891726,-1.0756682686417272,2.1976127415512297,-0.688053167380765,1.6939332821252988,1.1867943130089202,1.765092575855105,1.6428511897844542,1.7808536455801256,1.3331892761558612,1,0,0,1,0,0,0
0,1.4962748226933131,0.9156058575107393,-0.006798888316523085,-0.6448193919834968,0.9171128013559501,3.3006718512867708,1.7545769077133395,-0.6903542619640936,1.8987198855371357,-0.5044830872902956,2.4166781491654263,3.1549138647166113,2.8786668624843936,3.918251935960218,4.461108180473394,4.228803993598455,0,0,0,1,0,0,0
0,-1.714554914474455,-0.8526723450917275,-1.457228395841448,-0.22227562658816793,0.05675942418815311,-0.39454095015381224,-0.3287710458268814,2.0618886428761463,1.1970841139264286,-2.340183888194997,-0.47430131899508365,-0.3439653383192839,-0.09086456852704258,-0.34812446311933887,-0.5165073843283902,-0.40417955430969543,0,1,0,0,0,0,0
0,0.059850992907732714,-1.6631331879511915,0.2832870131884619,-1.0673631573788258,-1.663947330147441,-0.39454095015381224,-0.8191336953162989,-0.1949505390928504,1.6652141040749973,1.5147877937048753,-0.11292888547501992,-0.7813252386987708,-0.8332474262799016,-0.6325495563913094,-0.5165073843283902,-0.40417955430969543,0,0,1,0,0,0,0
0,1.7920091405903444,-0.33692453599934136,1.8787594714658793,-0.011003743890503482,-1.0903784120355762,-0.39454095015381224,-0.5247665383151852,0.025228893294368802,1.6513837966916676,0.5051523532072915,0.06775733128501195,-0.1252853881295405,0.2803268603493869,-0.6325495563913094,-0.5165073843283902,-0.40417955430969543,0,0,1,0,0,0,0
0,1.2850360241954337,1.4313536666031255,1.8787594714658793,1.0453556695978188,0.34354388324408547,-0.39454095015381224,-0.45590325717064595,-0.580264545770484,1.884207610334115,1.1476476335239363,1.8746194988853306,1.1867943130089202,2.1362840047315346,-0.06369936984736843,-0.5165073843283902,-0.40417955430969543,0,0,0,0,1,0,0
0,0.1865942720064604,-1.0737071204170359,0.8634588161984318,-1.0673631573788258,0.05675942418815311,-0.39454095015381224,-0.2533641949808249,-0.0848608228992408,1.6621861669555702,-0.9634082875164709,-0.11292888547501992,-0.5626452885090273,-0.4620559974034721,-0.6325495563913094,-0.5165073843283902,-0.40417955430969543,1,1,0,0,0,0,0
0,1.1160449853971302,-0.042211502232263574,0.5733729146934469,-0.8560912746811613,-0.23002503486777923,-0.39454095015381224,0.825234210819276,-0.855488836254508,2.0195645831863493,-0.5962681273355287,0.7905021983251395,0.9681143628191767,1.3939011469786755,0.789575909968543,1.397960140595373,1.3331892761558612,1,0,0,1,0,0,0
0,-0.06689228619099497,0.6208928237436615,-0.586970691326493,0.6228119042024899,0.05675942418815311,-0.39454095015381224,-0.20818240418463407,0.13531860948797841,1.6215136061892093,-0.22912796715458972,0.4291297648050757,0.31207451224994637,-0.09086456852704258,-0.06369936984736843,0.249279625641115,-0.40417955430969543,0,0,0,1,0,0,0
0,0.9893017062984024,-0.7789940866499581,0.5733729146934469,-0.8560912746811613,0.05675942418815311,-0.39454095015381224,1.9150501646791207,-0.8004439781577032,1.9705992937325483,-0.4126980472450592,0.24844354804504384,0.09339456206020295,0.2803268603493869,-0.06369936984736843,0.249279625641115,-0.40417955430969543,1,0,0,1,0,0,0
1,1.2005405047962818,1.8734232172537422,1.7337165207133867,1.4678994349931476,-0.23002503486777923,-0.39454095015381224,-0.9582001314014021,1.4563952038112935,1.3249939981876397,-0.22912796715458972,-1.0163599692751792,-0.7813252386987708,-0.8332474262799016,-0.6325495563913094,-0.5165073843283902,-0.40417955430969543,0,0,1,0,0,0,0
0,-0.7006086816846334,-0.042211502232263574,-0.29688478982150807,0.8340837869001543,1.4906817194678148,-0.39454095015381224,-0.9261054800082459,1.5114400619080983,1.3192381897894487,0.04622715298111613,-0.11292888547501992,-0.5626452885090273,-0.4620559974034721,-0.6325495563913094,-0.5165073843283902,-0.40417955430969543,0,0,1,0,0,0,0
0,-0.10914004589057086,-0.8526723450917275,1.0085017669509244,-1.0673631573788258,0.34354388324408547,-0.39454095015381224,-0.29418360597600424,-0.30504025528646,1.719716972224688,-1.055193327561704,-0.6549875357551156,-0.5626452885090273,-0.4620559974034721,-0.34812446311933887,-0.5165073843283902,-0.40417955430969543,0,1,0,0,0,0,0
0,0.1443465123068845,0.4735363068601226,-0.15184183906901558,-0.8560912746811613,0.9171128013559501,-0.39454095015381224,0.1155684967618645,-0.1399056809960456,1.6625135115090215,-0.4126980472450592,1.1518746318452031,0.7494344126294332,-0.09086456852704258,0.789575909968543,0.249279625641115,-0.40417955430969543,0,0,0,1,0,0,0
0,0.44008083020391575,-0.48428105288288026,1.1535447177034168,-0.8560912746811613,0.05675942418815311,-0.39454095015381224,-0.4921110095190417,0.245408325681588,1.5716208405006287,0.5051523532072915,0.7905021983251395,-0.3439653383192839,-0.09086456852704258,-0.34812446311933887,-0.1336138793436376,-0.40417955430969543,0,0,1,0,0,0,0
0,1.2850360241954337,-0.48428105288288026,0.7184158654459394,-1.0673631573788258,0.6303283423000178,0.5292622502063336,1.7280910303500552,-0.9105336943513128,2.0760587973695372,-1.789473647923585,1.6939332821252988,1.4054742631986636,2.1362840047315346,0.789575909968543,-0.1336138793436376,0.17494338917882343,0,0,0,1,0,0,0
0,0.2288420317060363,0.9156058575107393,-0.586970691326493,0.8340837869001543,0.34354388324408547,-0.39454095015381224,-0.1290363706519963,-0.4701748295768744,1.8597386049636082,-0.22912796715458972,0.9711884150851713,0.7494344126294332,1.3939011469786755,0.22072572342460203,-0.5165073843283902,-0.40417955430969543,0,0,0,1,0,0,0
0,-0.024644526491419072,-0.4106027944411108,1.0085017669509244,0.6228119042024899,-0.5168094939237116,-0.39454095015381224,-0.8101908167242252,0.3554980418751976,1.5095344901959762,0.5051523532072915,-0.11292888547501992,-0.7813252386987708,-0.8332474262799016,-0.6325495563913094,-0.5165073843283902,-0.40417955430969543,0,1,0,0,0,0,0
0,1.4540270629937373,0.17882327309304477,1.5886735699608943,0.6228119042024899,-0.23002503486777923,-0.39454095015381224,-0.14025391871174023,-0.4151299714800696,1.836715371370846,-1.8812586879688216,0.7905021983251395,0.31207451224994637,0.6515182892258164,-0.06369936984736843,-0.1336138793436376,-0.40417955430969543,0,0,0,0,1,0,0
0,-0.9118474801825128,-0.18956801911580248,-0.877056592831478,0.20026813880716096,0.05675942418815311,1.4530654505664793,0.3966303953698931,-0.5252196876736792,1.8673493658313578,0.5051523532072915,1.3325608486052352,1.4054742631986636,1.022709718102246,1.0740010032405134,1.0150666356106204,0.17494338917882343,0,0,0,0,0,0,1
0,-1.292077317478696,0.4735363068601226,-0.7320136420789856,1.0453556695978188,0.05675942418815311,-0.39454095015381224,-0.5056032270464559,-0.2499953971896552,1.6794263134373542,-0.7798382074260014,-0.8356737525151474,-0.5626452885090273,-0.8332474262799016,-0.34812446311933887,-0.5165073843283902,-0.40417955430969543,0,0,0,1,0,0,0
0,-1.7568026741740308,0.10514501465127533,-1.167142494336463,0.6228119042024899,-1.3771628710915087,-0.39454095015381224,-0.2901328247322078,0.3554980418751976,-0.36325825752617585,-0.688053167380765,-0.6549875357551156,-0.7813252386987708,-0.8332474262799016,-0.6325495563913094,-0.5165073843283902,-0.40417955430969543,0,1,0,0,0,0,0
0,-0.024644526491419072,0.39985804841835315,0.42832996394095435,0.20026813880716096,-1.0903784120355762,1.4530654505664793,0.787063387560425,-0.9105336943513128,0.3323489185584642,0.5969373932525246,1.513247065365267,1.624154213388407,1.3939011469786755,1.3584260965124837,1.0150666356106204,1.91231221964438,1,0,0,0,0,0,1
0,-1.0808385189808165,-0.8526723450917275,-0.4419277405740005,-0.22227562658816793,0.05675942418815311,-0.39454095015381224,-0.90226819038129,-0.1949505390928504,-0.18594662440656173,0.32158227311682197,-0.6549875357551156,-0.5626452885090273,-0.4620559974034721,-0.6325495563913094,-0.5165073843283902,-0.40417955430969543,0,0,0,0,0,1,0
0,1.2427882644958577,-0.5579593113246497,1.7337165207133867,-1.27863504007649,-0.23002503486777923,4.224475051646917,1.8994702368183654,-1.2408028429321416,1.7917600526968267,0.5051523532072915,2.2359919324053945,2.717553964337124,2.1362840047315346,2.780551562872336,2.9295341605343834,3.0705581066214176,1,0,0,0,0,0,1
0,-0.3626266040880262,0.031466756209505876,-0.586970691326493,-0.011003743890503482,-0.5168094939237116,-0.39454095015381224,-0.20684253038860909,-0.2499953971896552,-0.18321875312779845,-1.5141185277878793,-0.11292888547501992,-0.5626452885090273,-0.4620559974034721,-0.34812446311933887,-0.5165073843283902,-0.40417955430969543,0,1,0,0,0,0,0
0,-0.23588332498929854,1.505031925044895,0.7184158654459394,1.2566275522954833,-0.23002503486777923,-0.39454095015381224,-0.7544146749827206,-0.30504025528646,-0.18049088184903514,-1.789473647923585,0.24844354804504384,-0.3439653383192839,-0.4620559974034721,-0.34812446311933887,-0.1336138793436376,-0.40417955430969543,0,0,0,0,0,0,1
0,-0.9963429995816646,-0.33692453599934136,-1.0220995435839706,0.20026813880716096,-0.23002503486777923,-0.39454095015381224,0.18443177790640367,0.6857671904560264,-0.5105633065793937,-0.045557887064120235,-0.47430131899508365,-0.1252853881295405,0.2803268603493869,-0.34812446311933887,-0.5165073843283902,-0.40417955430969543,0,0,0,1,0,0,0
0,0.35558531080476397,-0.926350603533497,0.1382440624359694,-0.43354750928583236,-1.663947330147441,0.5292622502063336,3.0461529273699677,-0.855488836254508,0.31052594832835784,-0.4126980472450592,1.1518746318452031,1.4054742631986636,1.022709718102246,1.6428511897844542,0.249279625641115,0.17494338917882343,0,0,0,1,0,0,0
0,-0.7428564413842093,-0.5579593113246497,-0.006798888316523085,-0.011003743890503482,-0.23002503486777923,0.5292622502063336,3.0149930716484565,-0.8004439781577032,0.2450570376380388,-0.4126980472450592,1.1518746318452031,0.7494344126294332,1.022709718102246,1.0740010032405134,1.397960140595373,0.7540663326673424,0,0,0,1,0,0,0
0,1.4540270629937373,-0.6316375697664192,1.1535447177034168,-0.8560912746811613,-1.0903784120355762,2.376868650926625,1.5754077373146516,-0.9655785524481176,0.34871614623104397,-0.5044830872902956,1.8746194988853306,2.717553964337124,2.1362840047315346,3.349401749416277,3.695321170503888,3.6496810501099364,1,0,0,1,0,0,0
0,-0.4893698831867539,0.547214565301892,-0.006798888316523085,0.8340837869001543,-0.8035939529796439,-0.39454095015381224,-0.4907088160115737,0.4655877580688072,-0.4205435543802051,-1.9730437280140547,-0.8356737525151474,-0.5626452885090273,-0.4620559974034721,-0.6325495563913094,-0.5165073843283902,-0.40417955430969543,1,1,0,0,0,0,0
0,-0.9118474801825128,0.3261797899765837,-0.7320136420789856,0.6228119042024899,-1.0903784120355762,-0.39454095015381224,-0.21098679119957006,-0.580264545770484,0.02682733533697523,-0.7798382074260014,-0.8356737525151474,-0.7813252386987708,-0.8332474262799016,-0.6325495563913094,-0.5165073843283902,-0.40417955430969543,0,0,0,1,0,0,0
0,1.073797225697554,1.357675408161356,1.5886735699608943,1.679171317690812,-1.0903784120355762,-0.39454095015381224,-0.9563305400581115,0.795856906649636,-0.6005830587785825,0.7805074733429973,-0.8356737525151474,-0.7813252386987708,-0.8332474262799016,-0.6325495563913094,-0.5165073843283902,-0.40417955430969543,0,0,0,0,1,0,0
0,-0.6583609219850575,0.031466756209505876,-0.29688478982150807,-0.43354750928583236,0.6303283423000178,3.3006718512867708,1.5722917517425006,-1.0206234105449223,0.6269590166649001,0.04622715298111613,1.8746194988853306,1.624154213388407,2.1362840047315346,1.9272762830564247,2.5466406555496306,3.0705581066214176,0,0,0,1,0,0,0
0,0.48232858990349164,-0.2632462775575719,-0.006798888316523085,-0.43354750928583236,0.34354388324408547,-0.39454095015381224,0.15077913372717186,0.1903634675847832,-0.26778276276946056,-0.5962681273355287,-0.8356737525151474,-0.7813252386987708,-0.8332474262799016,-0.6325495563913094,-0.5165073843283902,-0.40417955430969543,0,1,0,0,0,0,0
0,1.3695315435945854,0.6208928237436615,1.4436306192084019,0.41154002150482544,1.4906817194678148,-0.39454095015381224,-0.30820554105068415,1.1811709133272696,-0.7424323652742738,-0.688053167380765,-0.47430131899508365,-0.5626452885090273,-0.4620559974034721,-0.6325495563913094,-0.5165073843283902,-0.40417955430969543,0,0,1,0,0,0,0
0,2.0454956987878,1.6523884419284338,2.3138883237233565,1.679171317690812,-0.5168094939237116,-0.39454095015381224,-0.5618467666237831,-0.3600851133832648,-0.1613957828976921,-1.4223334877426463,1.3325608486052352,0.5307544624396898,1.022709718102246,-0.06369936984736843,-0.5165073843283902,-0.40417955430969543,0,0,0,0,1,0,0
0,0.44008083020391575,-1.0000288619752664,1.0085017669509244,-1.27863504007649,-0.5168094939237116,-0.39454095015381224,1.5130880258716297,-1.0756682686417272,0.7551689667667748,-0.5044830872902956,0.4291297648050757,0.9681143628191767,1.3939011469786755,0.5051508166965725,0.6321731306258677,0.7540663326673424,1,0,0,1,0,0,0
0,-2.3905190696676692,-0.33692453599934136,-2.617572001861388,-0.011003743890503482,-2.2375162482593054,-0.39454095015381224,-0.953432673476011,2.9976512305218277,-1.48441335309789,0.5051523532072915,-0.8356737525151474,-0.7813252386987708,-0.8332474262799016,-0.6325495563913094,-0.5165073843283902,-0.40417955430969543,0,0,0,0,0,1,0
0,-1.1230862786803923,-1.1473853788588053,-0.29688478982150807,-0.6448193919834968,0.05675942418815311,-0.39454095015381224,-0.12660590190571844,-0.1399056809960456,-0.1941302382428516,0.22979723307158562,-0.47430131899508365,-0.3439653383192839,-0.09086456852704258,-0.6325495563913094,-0.5165073843283902,-0.40417955430969543,0,1,0,0,0,0,0
0,0.1865942720064604,-0.042211502232263574,-0.7320136420789856,0.8340837869001543,2.0642506375796796,-0.39454095015381224,-0.9831280159786109,4.483862399135558,-1.8253972629433017,-1.789473647923585,-0.8356737525151474,-0.5626452885090273,-0.8332474262799016,-0.34812446311933887,-0.5165073843283902,-0.40417955430969543,0,0,1,0,0,0,0
0,-1.3765728368778476,0.694571082185431,-1.3121854450889554,1.4678994349931476,0.6303283423000178,-0.39454095015381224,-0.6184019047583255,0.4105428999720024,-0.3659861288049392,1.0558625934786998,0.24844354804504384,-0.1252853881295405,0.2803268603493869,-0.6325495563913094,-0.5165073843283902,-0.40417955430969543,1,0,0,0,0,0,1
0,-0.19363556528972264,-0.48428105288288026,-0.15184183906901558,-0.6448193919834968,0.34354388324408547,-0.39454095015381224,1.6159155497526159,-1.130713126738532,0.8042706497845141,-0.13734292710935334,-0.2936151022350518,-0.3439653383192839,-0.4620559974034721,-0.06369936984736843,0.249279625641115,-0.40417955430969543,0,0,0,1,0,0,0
0,-0.3203788443884503,-0.2632462775575719,-0.4419277405740005,-0.011003743890503482,-0.23002503486777923,-0.39454095015381224,-0.17359496433375693,-0.4701748295768744,-0.019546476402000777,-0.5044830872902956,0.7905021983251395,0.7494344126294332,-0.09086456852704258,0.789575909968543,0.249279625641115,-0.40417955430969543,0,0,0,1,0,0,0
0,-0.10914004589057086,1.4313536666031255,-1.167142494336463,1.679171317690812,-1.663947330147441,-0.39454095015381224,-0.5993943927682038,0.5756774742624168,-0.48328459379176086,1.2394326735691727,-1.0163599692751792,-0.7813252386987708,-0.8332474262799016,-0.6325495563913094,-0.5165073843283902,-0.40417955430969543,0,0,0,1,0,0,0
0,-1.5878116353757272,-0.33692453599934136,-1.7473142973464328,1.0453556695978188,-1.663947330147441,-0.39454095015381224,-0.5353608892604989,0.0802737513911736,-0.25687127765440737,0.4133673131620551,-0.8356737525151474,-0.7813252386987708,-0.8332474262799016,-0.6325495563913094,-0.5165073843283902,-0.40417955430969543,0,0,0,1,0,0,0
1,-0.19363556528972264,0.694571082185431,0.7184158654459394,2.3129869657838054,1.4906817194678148,-0.39454095015381224,-0.8602023851572503,3.2728755210058518,-1.5335150361156291,-0.8716232474712345,-0.6549875357551156,-0.7813252386987708,-0.8332474262799016,-0.6325495563913094,-0.5165073843283902,-0.40417955430969543,0,1,0,0,0,0,0
0,-0.15138780559014675,-0.11588976067403303,-0.006798888316523085,-0.011003743890503482,1.777466178523747,-0.39454095015381224,-0.6344492304549036,1.2912606295208793,-0.8788259292124385,0.32158227311682197,0.24844354804504384,-0.5626452885090273,-0.4620559974034721,-0.34812446311933887,-0.1336138793436376,-0.40417955430969543,0,0,1,0,0,0,0
0,1.538522582392889,-1.0000288619752664,2.8940601267333266,-1.4899069227741546,-2.2375162482593054,-0.39454095015381224,2.5787550915473036,-1.1857579848353368,1.6662779738737152,-0.045557887064120235,1.1518746318452031,0.9681143628191767,1.3939011469786755,0.5051508166965725,-0.5165073843283902,-0.40417955430969543,1,0,0,1,0,0,0
0,-1.1230862786803923,0.031466756209505876,-1.167142494336463,0.8340837869001543,-1.3771628710915087,-0.39454095015381224,-0.2225159378165291,0.025228893294368802,-0.24050404998182762,0.22979723307158562,0.4291297648050757,0.31207451224994637,0.6515182892258164,0.22072572342460203,-0.5165073843283902,-0.40417955430969543,0,0,0,1,0,0,0
0,1.158292745096706,2.16813625102082,1.4436306192084019,1.679171317690812,-1.663947330147441,-0.39454095015381224,-0.47584556483241297,-0.5252196876736792,0.0077322363856321685,-1.1469783676069405,0.4291297648050757,0.09339456206020295,0.2803268603493869,-0.06369936984736843,-0.1336138793436376,-0.40417955430969543,0,0,0,0,1,0,0
0,-0.5738654025859057,0.17882327309304477,-1.0220995435839706,-0.011003743890503482,0.34354388324408547,1.4530654505664793,0.3015928354192848,-0.4151299714800696,-0.15048429778263891,-0.5962681273355287,0.7905021983251395,0.7494344126294332,-0.09086456852704258,0.5051508166965725,0.6321731306258677,0.17494338917882343,1,0,0,0,0,0,1
0,-1.5033161159765753,-1.1473853788588053,-1.0220995435839706,-0.6448193919834968,-1.663947330147441,-0.39454095015381224,-0.8270171388138411,-0.0848608228992408,-0.262327020211934,-0.5962681273355287,-1.0163599692751792,-0.7813252386987708,-0.8332474262799016,-0.6325495563913094,-0.5165073843283902,-0.40417955430969543,0,1,0,0,0,0,0
0,0.5668241093026435,0.10514501465127533,0.42832996394095435,-0.8560912746811613,0.9171128013559501,-0.39454095015381224,0.21683802785677503,-1.0206234105449223,0.6024081751560304,1.533144801713925,-1.0163599692751792,-0.7813252386987708,-0.8332474262799016,-0.6325495563913094,-0.5165073843283902,-0.40417955430969543,1,0,0,0,0,0,1
0,0.35558531080476397,0.9156058575107393,-0.15184183906901558,0.6228119042024899,-0.23002503486777923,-0.39454095015381224,-0.9391926194112805,2.116933500972951,-1.1679802847613479,-0.8165522234440946,-1.0163599692751792,-0.7813252386987708,-0.8332474262799016,-0.6325495563913094,-0.5165073843283902,-0.40417955430969543,0,0,0,0,0,1,0
0,-0.5738654025859057,-0.2632462775575719,-0.7320136420789856,-0.6448193919834968,0.05675942418815311,-0.39454095015381224,0.07973466268212694,-0.6903542619640936,0.32689317600093765,-1.1836923836250337,-1.0163599692751792,-0.7813252386987708,-0.8332474262799016,-0.6325495563913094,-0.5165073843283902,-0.40417955430969543,1,0,0,1,0,0,0
0,-0.6583609219850575,-0.2632462775575719,-0.877056592831478,-0.011003743890503482,-1.3771628710915087,-0.39454095015381224,-0.6462899756290778,-0.1399056809960456,-0.22140895103048458,-0.17405694312744985,-1.0163599692751792,-0.7813252386987708,-0.8332474262799016,-0.6325495563913094,-0.5165073843283902,-0.40417955430969543,0,0,0,1,0,0,0
1,1.7075136211911925,-0.48428105288288026,1.5886735699608943,-0.6448193919834968,-0.5168094939237116,-0.39454095015381224,0.4536529313402581,-1.130713126738532,0.7851755508331711,1.0191485774606066,-1.0163599692751792,-0.7813252386987708,-0.8332474262799016,-0.6325495563913094,-0.5165073843283902,-0.40417955430969543,1,0,0,0,0,0,1
0,-0.9963429995816646,-0.5579593113246497,-0.877056592831478,-0.6448193919834968,0.6303283423000178,-0.39454095015381224,-0.6400580044847756,1.7866643523921222,-1.0806884038409224,-0.5962681273355287,-1.0163599692751792,-0.7813252386987708,-0.8332474262799016,-0.6325495563913094,-0.5165073843283902,-0.40417955430969543,0,1,0,0,0,0,0
0,-0.024644526491419072,0.9892841159525088,-0.29688478982150807,0.8340837869001543,-0.8035939529796439,-0.39454095015381224,-0.5715063218974515,-0.5252196876736792,0.19595535462029948,0.688722433297761,-1.0163599692751792,-0.7813252386987708,-0.8332474262799016,-0.6325495563913094,-0.5165073843283902,-0.40417955430969543,0,0,0,0,0,0,1
0,-1.1230862786803923,-1.4420984126258831,-0.586970691326493,-0.6448193919834968,-0.23002503486777923,-0.39454095015381224,-0.4094750721455947,-0.855488836254508,0.4987490665630252,0.20226172105801404,-1.0163599692751792,-0.7813252386987708,-0.8332474262799016,-0.6325495563913094,-0.5165073843283902,-0.40417955430969543,1,0,0,0,0,0,1
0,-0.23588332498929854,1.7997449588119727,-0.29688478982150807,2.52425884848147,2.351035096635612,-0.39454095015381224,-0.9111487492619207,0.245408325681588,-0.5242026629732103,0.1655477050399208,-1.0163599692751792,-0.7813252386987708,-0.8332474262799016,-0.6325495563913094,-0.5165073843283902,-0.40417955430969543,1,0,0,0,1,0,0
0,-0.7428564413842093,-0.4106027944411108,-0.4419277405740005,-0.43354750928583236,-0.23002503486777923,-0.39454095015381224,-0.3907791587126881,-0.30504025528646,-0.13957281266758573,0.101298177008256,-1.0163599692751792,-0.7813252386987708,-0.8332474262799016,-0.6325495563913094,-0.5165073843283902,-0.40417955430969543,0,0,0,1,0,0,0
0,-0.447122123487178,0.9156058575107393,-1.167142494336463,0.41154002150482544,1.2038972604118825,-0.39454095015381224,-0.8114372109530856,0.13531860948797841,-0.44509439588907473,0.4409028251756267,-1.0163599692751792,-0.7813252386987708,-0.8332474262799016,-0.6325495563913094,-0.5165073843283902,-0.40417955430969543,0,0,0,0,0,0,1
0,-0.06689228619099497,-0.6316375697664192,-0.29688478982150807,-1.27863504007649,0.6303283423000178,-0.39454095015381224,0.036110864672011626,-0.7453991200608984,0.37053911646115034,-0.6238036393491002,-1.0163599692751792,-0.7813252386987708,-0.8332474262799016,-0.6325495563913094,-0.5165073843283902,-0.40417955430969543,0,0,0,1,0,0,0
0,-0.10914004589057086,-0.7789940866499581,0.1382440624359694,-0.22227562658816793,0.05675942418815311,-0.39454095015381224,0.1763302154188108,-0.3600851133832648,-0.11229409987995279,-0.37598403122696594,-1.0163599692751792,-0.7813252386987708,-0.8332474262799016,-0.6325495563913094,-0.5165073843283902,-0.40417955430969543,1,0,0,1,0,0,0
0,1.7920091405903444,1.1366406328360477,0.8634588161984318,-1.0673631573788258,-0.23002503486777923,-0.39454095015381224,0.6343800945250215,-1.1857579848353368,0.9433920850014422,-0.9725867915209926,-1.0163599692751792,-0.7813252386987708,-0.8332474262799016,-0.6325495563913094,-0.5165073843283902,-0.40417955430969543,1,0,0,1,0,0,0
0,0.059850992907732714,-0.2632462775575719,0.1382440624359694,0.41154002150482544,-0.23002503486777923,-0.39454095015381224,-0.7054937014999485,0.7408120485528312,-0.6824191971414814,-1.6517960878557338,-1.0163599692751792,-0.7813252386987708,-0.8332474262799016,-0.6325495563913094,-0.5165073843283902,-0.40417955430969543,0,1,0,0,0,0,0
0,-1.3343250771782718,-1.0000288619752664,-0.15184183906901558,-1.27863504007649,0.9171128013559501,-0.39454095015381224,-0.755349470654366,-0.6353094038672888,0.2996144632133047,1.1568261375284612,-1.0163599692751792,-0.7813252386987708,-0.8332474262799016,-0.6325495563913094,-0.5165073843283902,-0.40417955430969543,0,0,0,1,0,0,0
0,-0.447122123487178,2.3891710263461285,-0.7320136420789856,2.3129869657838054,1.777466178523747,-0.39454095015381224,-0.9391926194112805,0.520632616165612,-0.6087666726148724,1.2302541695646476,-1.0163599692751792,-0.7813252386987708,-0.8332474262799016,-0.6325495563913094,-0.5165073843283902,-0.40417955430969543,0,0,0,0,1,0,0
0,0.6513196287017953,-0.6316375697664192,0.8634588161984318,-0.6448193919834968,0.6303283423000178,-0.39454095015381224,-0.9298446626948272,1.07108119713366,-0.8542750877035689,1.1476476335239363,-1.0163599692751792,-0.7813252386987708,-0.8332474262799016,-0.6325495563913094,-0.5165073843283902,-0.40417955430969543,0,0,1,0,0,0,0
0,-0.23588332498929854,0.7682493406272004,-0.586970691326493,-0.011003743890503482,2.351035096635612,-0.39454095015381224,0.0018350233783496045,-0.8004439781577032,0.40872931436383647,0.5969373932525246,-1.0163599692751792,-0.7813252386987708,-0.8332474262799016,-0.6325495563913094,-0.5165073843283902,-0.40417955430969543,0,0,0,1,0,0,0
0,0.1443465123068845,-0.33692453599934136,0.2832870131884619,-1.27863504007649,-0.5168094939237116,-0.39454095015381224,-0.6244780766240201,-0.029815964802436,-0.3959927128713354,0.5326878652208598,-1.0163599692751792,-0.7813252386987708,-0.8332474262799016,-0.6325495563913094,-0.5165073843283902,-0.40417955430969543,0,1,0,0,0,0,0
0,0.7358151481009471,0.9156058575107393,0.8634588161984318,-0.011003743890503482,-0.23002503486777923,-0.39454095015381224,-0.6992617303556463,1.2362157714240745,-0.8951931568850183,0.06458416099016276,-1.0163599692751792,-0.7813252386987708,-0.8332474262799016,-0.6325495563913094,-0.5165073843283902,-0.40417955430969543,0,0,1,0,0,0,0
0,1.0315494659979783,0.9892841159525088,1.1535447177034168,1.2566275522954833,0.34354388324408547,-0.39454095015381224,-0.7023777159277974,-0.1949505390928504,-0.19685810952161492,0.00951313696302289,-1.0163599692751792,-0.7813252386987708,-0.8332474262799016,-0.6325495563913094,-0.5165073843283902,-0.40417955430969543,0,0,0,0,1,0,0
0,0.9048061868992506,-0.4106027944411108,0.1382440624359694,-0.6448193919834968,-0.23002503486777923,-0.39454095015381224,-0.3565033174190261,-0.4701748295768744,0.07320114707595124,-0.7155886793943366,-1.0163599692751792,-0.7813252386987708,-0.8332474262799016,-0.6325495563913094,-0.5165073843283902,-0.40417955430969543,1,0,0,1,0,0,0
0,0.10209875260730861,0.10514501465127533,-0.29688478982150807,-0.43354750928583236,2.0642506375796796,-0.39454095015381224,-0.7428855283657616,1.1261260552304648,-0.8570029589823321,-1.3213699436928883,-1.0163599692751792,-0.7813252386987708,-0.8332474262799016,-0.6325495563913094,-0.5165073843283902,-0.40417955430969543,0,1,0,0,0,0,0
0,0.2710897914056122,0.10514501465127533,-0.15184183906901558,-0.6448193919834968,0.05675942418815311,-0.39454095015381224,-0.07918060149757881,-1.0756682686417272,0.6405983730587165,1.175183145537508,-1.0163599692751792,-0.7813252386987708,-0.8332474262799016,-0.6325495563913094,-0.5165073843283902,-0.40417955430969543,0,0,0,1,0,0,0
0,-0.7428564413842093,-1.4420984126258831,-0.29688478982150807,-1.0673631573788258,0.6303283423000178,-0.39454095015381224,-0.4437509134392567,-0.2499953971896552,-0.16685152545521867,0.21144022506253898,-1.0163599692751792,-0.7813252386987708,-0.8332474262799016,-0.6325495563913094,-0.5165073843283902,-0.40417955430969543,0,0,0,1,0,0,0
0,-0.3626266040880262,1.2839971497195866,-0.29688478982150807,1.0453556695978188,-0.23002503486777923,-0.39454095015381224,-0.8425970666745967,1.841709210488927,-1.1106949879073185,-0.9725867915209926,-1.0163599692751792,-0.7813252386987708,-0.8332474262799016,-0.6325495563913094,-0.5165073843283902,-0.40417955430969543,0,0,1,0,0,0,0
0,1.7075136211911925,-0.4106027944411108,2.0238024222183717,-1.0673631573788258,-1.0903784120355762,-0.39454095015381224,0.9335147094515264,-1.2408028429321416,1.4480482715726517,0.9181850334108487,-1.0163599692751792,-0.7813252386987708,-0.8332474262799016,-0.6325495563913094,-0.5165073843283902,-0.40417955430969543,0,0,0,1,0,0,0
0,-1.292077317478696,-0.8526723450917275,-1.0220995435839706,-1.0673631573788258,-0.23002503486777923,-0.39454095015381224,-0.4499828845835589,-0.9655785524481176,0.5314835219081847,-1.0827288395752757,-1.0163599692751792,-0.7813252386987708,-0.8332474262799016,-0.6325495563913094,-0.5165073843283902,-0.40417955430969543,0,0,0,1,0,0,0
0,0.35558531080476397,1.4313536666031255,1.1535447177034168,1.0453556695978188,-0.23002503486777923,-0.39454095015381224,-0.82390115324169,-0.580264545770484,0.22050619612916914,0.5143308572118132,-1.0163599692751792,-0.7813252386987708,-0.8332474262799016,-0.6325495563913094,-0.5165073843283902,-0.40417955430969543,0,0,0,0,1,0,0
0,0.35558531080476397,0.8419275990689699,-0.15184183906901558,-0.011003743890503482,0.6303283423000178,-0.39454095015381224,-0.32534346169751516,-0.9105336943513128,0.5260277793506581,1.1935401535465544,-1.0163599692751792,-0.7813252386987708,-0.8332474262799016,-0.6325495563913094,-0.5165073843283902,-0.40417955430969543,0,0,0,0,0,0,1
0,-0.6161131622854816,-0.7789940866499581,-0.4419277405740005,-1.27863504007649,-0.5168094939237116,1.4530654505664793,-0.32553042083184425,-1.130713126738532,-0.46418949484041777,1.4505382656732104,1.1518746318452031,1.4054742631986636,1.022709718102246,1.0740010032405134,1.0150666356106204,1.91231221964438,0,0,0,0,0,0,1
0,-0.7851042010837852,-0.11588976067403303,-1.3121854450889554,-0.011003743890503482,0.05675942418815311,-0.39454095015381224,-0.32553042083184425,-0.029815964802436,-0.8215406323584094,2.019605513953669,0.7905021983251395,0.5307544624396898,1.022709718102246,-0.34812446311933887,-0.1336138793436376,-0.40417955430969543,0,0,0,1,0,0,0
0,2.5102210554831346,0.6208928237436615,1.7337165207133867,0.41154002150482544,0.05675942418815311,3.3006718512867708,-0.32553042083184425,-1.1857579848353368,-0.46418949484041777,-0.5044830872902956,1.8746194988853306,2.2801940639576372,1.3939011469786755,2.2117013763283953,2.5466406555496306,2.491435163132899,1,0,0,0,0,0,1
0,-0.827351960783361,-1.4420984126258831,-0.4419277405740005,-1.27863504007649,0.34354388324408547,-0.39454095015381224,-0.32553042083184425,-0.3600851133832648,-0.7697110780619068,-1.6976886078783522,-0.2936151022350518,-0.5626452885090273,-0.4620559974034721,-0.34812446311933887,-0.5165073843283902,-0.40417955430969543,0,1,0,0,0,0,0
0,1.7497613808907686,0.17882327309304477,0.42832996394095435,0.6228119042024899,0.05675942418815311,-0.39454095015381224,-0.32553042083184425,1.4563952038112935,-1.0588654336108159,-0.5503756073129138,-1.0163599692751792,-0.7813252386987708,-0.8332474262799016,-0.6325495563913094,-0.5165073843283902,-0.40417955430969543,0,0,1,0,0,0,0
0,0.7780629078005229,1.210318891277817,0.1382440624359694,1.0453556695978188,0.34354388324408547,-0.39454095015381224,-0.32553042083184425,0.3004531837783928,-0.8488193451460423,0.22061872906706068,-0.8356737525151474,-0.5626452885090273,-0.4620559974034721,-0.6325495563913094,-0.5165073843283902,-0.40417955430969543,0,0,0,0,1,0,0
0,-1.4610683562769995,-0.5579593113246497,-1.7473142973464328,-0.8560912746811613,1.4906817194678148,-0.39454095015381224,-0.32553042083184425,-0.1399056809960456,-0.8160848898008828,0.8080429853565656,-0.8356737525151474,-0.5626452885090273,-0.4620559974034721,-0.34812446311933887,-0.1336138793436376,-0.40417955430969543,0,0,0,1,0,0,0
0,-0.9540952398820888,-0.48428105288288026,-0.877056592831478,-0.22227562658816793,-0.23002503486777923,-0.39454095015381224,-0.32553042083184425,-0.1949505390928504,-0.8106291472433562,0.6520084172796677,-0.6549875357551156,-0.3439653383192839,-0.09086456852704258,-0.34812446311933887,-0.5165073843283902,-0.40417955430969543,0,0,0,1,0,0,0
0,-1.0808385189808165,0.8419275990689699,-0.877056592831478,1.4678994349931476,0.34354388324408547,-0.39454095015381224,-0.32553042083184425,0.6857671904560264,-0.9006488994425449,0.578580385243478,-1.0163599692751792,-0.7813252386987708,-0.8332474262799016,-0.6325495563913094,-0.5165073843283902,-0.40417955430969543,0,0,0,0,0,0,1
0,-0.827351960783361,-0.7789940866499581,-1.3121854450889554,-0.43354750928583236,0.6303283423000178,0.5292622502063336,-0.32553042083184425,-0.6353094038672888,-0.7096979099291143,-0.08227190308221348,0.7905021983251395,0.9681143628191767,0.2803268603493869,1.0740010032405134,0.249279625641115,0.17494338917882343,1,0,0,1,0,0,0
0,0.6935673884013711,-0.4106027944411108,1.0085017669509244,-1.0673631573788258,-0.5168094939237116,0.5292622502063336,-0.32553042083184425,-1.2408028429321416,-0.41508781182267845,1.4597167696777353,0.7905021983251395,0.5307544624396898,0.6515182892258164,0.789575909968543,1.0150666356106204,0.17494338917882343,0,0,0,1,0,0,0
0,0.6513196287017953,0.9892841159525088,-0.29688478982150807,0.41154002150482544,-0.5168094939237116,2.376868650926625,-0.32553042083184425,-0.6903542619640936,-0.706970038650351,0.8263999933656122,1.513247065365267,2.2801940639576372,1.3939011469786755,2.780551562872336,2.9295341605343834,3.0705581066214176,1,0,0,1,0,0,0
0,-1.3343250771782718,-1.3684201541841137,-0.7320136420789856,-0.8560912746811613,-0.23002503486777923,2.376868650926625,-0.32553042083184425,-0.9655785524481176,-0.6469568705175585,0.8263999933656122,1.513247065365267,1.1867943130089202,1.3939011469786755,1.6428511897844542,2.163747150564878,2.491435163132899,0,0,0,1,0,0,0
1,0.059850992907732714,0.3261797899765837,-0.29688478982150807,0.41154002150482544,0.9171128013559501,-0.39454095015381224,-0.32553042083184425,0.4655877580688072,-0.873370186654912,-1.3305484476974099,-0.8356737525151474,-0.7813252386987708,-0.8332474262799016,-0.6325495563913094,-0.5165073843283902,-0.40417955430969543,0,0,1,0,0,0,0
0,2.003247939088224,3.3469883860891314,2.168845372970864,2.9468026138767986,1.2038972604118825,-0.39454095015381224,-0.32553042083184425,-0.9105336943513128,-0.6496847417963219,1.5973943297455866,0.9711884150851713,0.09339456206020295,0.2803268603493869,-0.06369936984736843,-0.5165073843283902,-0.40417955430969543,0,0,0,0,1,0,0
0,-0.5738654025859057,-0.6316375697664192,-0.006798888316523085,-0.8560912746811613,0.05675942418815311,-0.39454095015381224,-0.32553042083184425,0.1903634675847832,-0.846091473867279,-3.056107200547828,-0.6549875357551156,-0.3439653383192839,-0.09086456852704258,-0.6325495563913094,-0.5165073843283902,-0.40417955430969543,0,1,0,0,0,0,0
0,-0.7851042010837852,0.9892841159525088,-0.7320136420789856,0.6228119042024899,0.6303283423000178,-0.39454095015381224,-0.32553042083184425,-0.30504025528646,-0.77243894934067,0.8722925133882304,-0.11292888547501992,-0.3439653383192839,-0.09086456852704258,-0.6325495563913094,-0.5165073843283902,-0.40417955430969543,0,0,0,0,0,0,1
0,-0.9118474801825128,-0.2632462775575719,-0.7320136420789856,-0.22227562658816793,0.05675942418815311,-0.39454095015381224,-0.32553042083184425,0.795856906649636,-0.9251997409514146,1.4046457456505954,-0.11292888547501992,0.31207451224994637,-0.09086456852704258,-0.06369936984736843,0.249279625641115,-0.40417955430969543,0,0,0,1,0,0,0
0,1.0315494659979783,-0.8526723450917275,0.2832870131884619,-1.27863504007649,-0.8035939529796439,-0.39454095015381224,-0.32553042083184425,-1.0206234105449223,-0.6224060290086889,0.9548990494289419,-0.6549875357551156,-0.5626452885090273,-0.8332474262799016,-0.34812446311933887,-0.1336138793436376,-0.40417955430969543,0,0,0,1,0,0,0
0,-0.7851042010837852,-1.2210636373005748,-0.7320136420789856,-0.8560912746811613,-0.8035939529796439,-0.39454095015381224,-0.32553042083184425,-0.4701748295768744,-0.7642553355043802,0.21144022506253898,-0.6549875357551156,-0.3439653383192839,-0.09086456852704258,-0.34812446311933887,-0.5165073843283902,-0.40417955430969543,0,0,0,1,0,0,0
0,-1.0808385189808165,-0.33692453599934136,-1.167142494336463,-0.22227562658816793,-0.5168094939237116,-0.39454095015381224,-0.32553042083184425,0.245408325681588,-0.846091473867279,0.5051523532072915,-0.8356737525151474,-0.7813252386987708,-0.8332474262799016,-0.6325495563913094,-0.5165073843283902,-0.40417955430969543,0,0,0,1,0,0,0
0,3.0171941718780455,2.0944579925790507,3.184146028238312,1.2566275522954833,0.34354388324408547,-0.39454095015381224,-0.32553042083184425,0.5756774742624168,-0.892465285606255,-0.8716232474712345,-0.6549875357551156,-0.5626452885090273,-0.4620559974034721,-0.6325495563913094,-0.5165073843283902,-0.40417955430969543,0,0,1,0,0,0,0
0,-0.23588332498929854,0.10514501465127533,-0.006798888316523085,0.20026813880716096,2.6378195556915442,-0.39454095015381224,-0.32553042083184425,1.0160363390368552,-0.9688456814116273,-1.85372317595525,-1.0163599692751792,-0.7813252386987708,-0.8332474262799016,-0.6325495563913094,-0.5165073843283902,-0.40417955430969543,1,1,0,0,0,0,0
0,-0.869599720482937,0.6208928237436615,-1.167142494336463,-0.22227562658816793,1.2038972604118825,-0.39454095015381224,-0.32553042083184425,0.0802737513911736,-0.8324521174734625,1.2118971615556011,-1.0163599692751792,-0.7813252386987708,-0.8332474262799016,-0.6325495563913094,-0.5165073843283902,-0.40417955430969543,0,0,0,1,0,0,0
0,-0.5316176428863298,0.39985804841835315,0.5733729146934469,0.6228119042024899,1.4906817194678148,-0.39454095015381224,-0.32553042083184425,0.7408120485528312,-0.9033767707213082,-0.4402335592586308,-0.8356737525151474,-0.7813252386987708,-0.8332474262799016,-0.6325495563913094,-0.5165073843283902,-0.40417955430969543,0,1,0,0,0,0,0
1,0.44008083020391575,1.1366406328360477,0.2832870131884619,0.6228119042024899,3.211388473803409,-0.39454095015381224,-0.32553042083184425,0.9059466228432456,-0.9579341962965741,-0.10980741509578504,-0.11292888547501992,-0.7813252386987708,-0.8332474262799016,-0.6325495563913094,-0.5165073843283902,-0.40417955430969543,1,0,1,0,0,0,0
0,0.5245763496030675,-0.7053158282081886,-0.15184183906901558,-0.6448193919834968,-1.3771628710915087,-0.39454095015381224,-0.32553042083184425,-0.855488836254508,-0.6578683556326117,-0.12816442310483167,0.7905021983251395,0.5307544624396898,0.6515182892258164,0.22072572342460203,-0.5165073843283902,-0.40417955430969543,1,0,0,1,0,0,0
0,-0.869599720482937,-1.1473853788588053,-0.29688478982150807,-0.6448193919834968,1.2038972604118825,-0.39454095015381224,-0.32553042083184425,-0.2499953971896552,-0.7888061770132498,-0.027200879055073617,0.6098159815651076,0.5307544624396898,-0.09086456852704258,0.5051508166965725,0.6321731306258677,0.17494338917882343,0,0,0,1,0,0,0
0,0.017603233208156824,-0.042211502232263574,-0.4419277405740005,-0.011003743890503482,1.2038972604118825,-0.39454095015381224,-0.32553042083184425,0.4105428999720024,-0.8706423153761487,0.21144022506253898,-0.6549875357551156,-0.7813252386987708,-0.8332474262799016,-0.6325495563913094,-0.5165073843283902,-0.40417955430969543,0,1,0,0,0,0,0
0,-1.630059395075303,-0.8526723450917275,-1.6022713465939404,-0.22227562658816793,-0.23002503486777923,-0.39454095015381224,-0.32553042083184425,-0.0848608228992408,-0.8188127610796461,0.7254364493158542,-0.8356737525151474,-0.7813252386987708,-0.8332474262799016,-0.6325495563913094,-0.5165073843283902,-0.40417955430969543,1,0,0,1,0,0,0
0,0.2710897914056122,0.10514501465127533,0.5733729146934469,1.0453556695978188,0.34354388324408547,-0.39454095015381224,-0.32553042083184425,-0.580264545770484,-0.7206093950441674,1.386288737641549,0.06775733128501195,-0.1252853881295405,-0.09086456852704258,-0.34812446311933887,-0.1336138793436376,-0.40417955430969543,1,0,0,0,1,0,0
0,-1.207581798079544,0.39985804841835315,-1.167142494336463,0.8340837869001543,0.05675942418815311,1.4530654505664793,-0.32553042083184425,0.025228893294368802,-0.8242685036371726,-1.367262463715503,0.6098159815651076,0.7494344126294332,-0.09086456852704258,0.5051508166965725,0.6321731306258677,0.17494338917882343,0,0,0,0,0,0,1
